Name,Engagement category,Engagement score,Company Region,Company Country,Company State,Hubspot Company Website URL,Hubspot Company Created By User ID,Company Name
factors.ai,Hot,6133,"Southern Asia","India","Karnataka","factors.ai",-,"Factors.Ai"
omnisity.com,Warm,13,"Northern Europe","United Kingdom","England","omnisity.com",-,"OMNISITY LIMITED"
radixweb.com,-,0,"Southern Asia","India","Gujarat","radixweb.com",-,"Radixweb"
julofinance.com,-,0,"South Eastern Asia","Indonesia","Jakarta",-,-,"JULO"
cybertech.com,-,0,"Southern Asia","India","Maharashtra",-,-,"CyberTech"
storilabs.com,-,0,"Southern Asia","India","Kerala",-,-,"Storilabs System Technologies"
karza.in,-,0,"Southern Asia","India","Maharashtra",-,-,"Karza Technologies"
aircanada.com,-,0,"Southern Asia","India","NCT",-,-,"Air Canada"
amtexsystems.com,Hot,15.3,"Southern Asia","India","Tamil Nadu","amtexsystems.com",-,"Amtex Systems"
credextechnology.com,-,0,-,-,-,"credextechnology.com",-,-
quickwork.co,Cool,5,"Southern Asia","India","Maharashtra","quickwork.co",-,"Quickwork"
brookfield.com,-,0,"Southern Asia","India","Maharashtra",-,-,"Brookfield Asset Management"
saturam.com,-,0,"Southern Asia","India","Karnataka","saturam.com",-,"Saturam"
talentquest.com,-,0,"Southern Asia","India","Karnataka","talentquest.com",-,"TalentQuest"
nextbillion.ai,Hot,36,"Southern Asia","India","Karnataka","nextbillion.ai",-,"NextBillion.ai"
kia-sa.com,-,0,"Southern Asia","India","Maharashtra","kia-sa.com",-,"KIA"
juneresale.com,-,0,"Western Europe","France","Normandy",-,-,"June"
evren.co,-,0,"South Eastern Asia","Singapore","Central Singapore","evren.co",-,"Evren"
unitedtechnolink.com,Hot,40,"Southern Asia","India","Karnataka","unitedtechnolink.com",-,"United Technolink Pvt Ltd"
ambianstudio.com,Hot,82,-,-,-,"ambianstudio.com",-,-
shyamsteel.com,-,0,"Southern Asia","India","West Bengal",-,-,"Shyam Steel Industries"
designmetalmfg.com,-,0,"Northern America","United States","Colorado",-,-,"Design Metal Manufacturing"
indiqus.com,-,0,"Southern Asia","India","NCT",-,-,"IndiQus Technologies"
reco.ai,Hot,35,"Western Asia","Israel","Tel Aviv","reco.ai",-,"Reco"
aurainc.com,-,0,"Southern Asia","India","NCT",-,-,"Aura"
kovai.co,-,0,"Southern Asia","India","Tamil Nadu","kovai.co",-,"Kovai.co"
growth.cx,Hot,149,-,-,-,"growth.cx",-,-
avanzasolutions.com,-,0,"Southern Asia","Pakistan","Sindh",-,-,"Avanza Solutions"
convin.ai,Ice,1,-,-,-,"convin.ai",-,-
infotech.com,Cool,5.6,"Southern Asia","India","Karnataka","infotech.com",-,"Info-Tech Research Group"
isg-one.com,-,0,"Southern Asia","India","Karnataka","isg-one.com",-,"ISG"
hotmail.in,-,0,"Southern Asia","India","Tamil Nadu",-,-,"Hotmail"
issworld.com,-,0,"Australia and New Zealand","Australia","New South Wales",-,-,"ISS A/S"
rategain.com,Cool,5,"Southern Asia","India","Uttar Pradesh","rategain.com",-,"RateGain"
techjockey.com,-,0,"Southern Asia","India","NCT","techjockey.com",-,"Techjockey"
brandure.in,Hot,48.4,-,-,-,"brandure.in",-,-
pendo.io,-,0,"Southern Asia","India","Uttar Pradesh","pendo.io",-,"Pendo"
brandscapesworldwide.com,-,0,"Western Asia","United Arab Emirates","Dubai",-,-,"Brandscapes Worldwide"
krvia.ac.in,-,0,"Southern Asia","India","Maharashtra",-,-,"Kamla Raheja Vidyanidhi Institute For Architecture & Environmental Studies"
bankopen.co,-,0,"Southern Asia","India","Karnataka","bankopen.co",-,"Open Financial Technologies"
mobileum.com,Cool,5,"Northern America","United States","California",-,-,"Mobileum"
deloitte.com,Hot,48,"Southern Asia","India","Telangana",-,-,"Deloitte"
hcl.com,Hot,53,"Southern Asia","India","Uttar Pradesh","hcl.com",-,"HCL"
apple.com,Cool,3,"South Eastern Asia","Singapore","Central Singapore","apple.com",-,"Apple, Inc."
naver.com,Cool,5,"Eastern Asia","Korea","Seoul",-,-,"Naver"
neebal.com,-,0,"Southern Asia","India","Maharashtra",-,-,"Neebal Technologies"
savaria.com,-,0,"Northern America","United States","Maryland",-,-,"Savaria"
vidyashilp.edu.in,-,0,"Southern Asia","India","Karnataka",-,-,"Vidyashilp University"
nautilusshipping.com,-,0,-,-,-,"nautilusshipping.com",-,-
tatacommunications.com,Cool,3,"Southern Asia","India","Maharashtra","tatacommunications.com",-,"Tata Communications Ltd"
remunance.com,Hot,39,"Southern Asia","India","Maharashtra","remunance.com",-,"REMUNANCE SYSTEMS PVT LTD"
pall.com,-,0,"Southern Asia","India","Maharashtra",-,-,"Pall Corporation"
useinsider.com,-,0,"Southern Asia","India","Maharashtra",-,-,"Insider"
nilkamal.com,-,0,"Southern Asia","India","Maharashtra","nilkamal.com",-,"Nilkamal"
cyberark.com,Hot,15,"Southern Asia","India","Telangana","cyberark.com",-,"CyberArk"
oolo.io,-,0,"Western Asia","Israel","Central District","oolo.io",-,"Oolo"
cognizant.com,Hot,26.5,"Southern Asia","India","Tamil Nadu","cognizant.com",-,"Cognizant Technology Solutions Corporation"
ielo.net,-,0,-,-,-,-,-,-
cgnetswara.org,-,0,"Southern Asia","India","Chhattisgarh",-,-,"CGNet Swara"
microlink.co.in,-,0,"Southern Asia","India","Gujarat",-,-,"Microlink Solutions Pvt Ltd"
aurigeneservices.com,Hot,34,-,-,-,"aurigeneservices.com",-,-
jll.com,Cool,3,"Northern America","United States","Illinois","jll.com",-,"Jones Lang Lasalle Inc"
celebaltech.com,Hot,15,"Southern Asia","India","Rajasthan","celebaltech.com",-,"Celebal Technologies"
promobitech.com,-,0,"Southern Asia","India","Maharashtra",-,-,"ProMobi Technologies"
channelwill.cn,-,0,"Eastern Asia","People's Republic of China","Guangdong",-,-,"CHANNELWILL CO., LIMITED"
wakefit.co,Cool,3,"Southern Asia","India","Karnataka",-,-,"Wakefit Innovations Pvt Ltd"
okta.com,Ice,1,"Northern America","United States","California","okta.com",-,"Okta"
mastech.net.in,-,0,"Southern Asia","India","Maharashtra",-,-,"MASTECH COMPUTERS"
tarasafe.com,-,0,"Southern Asia","India","West Bengal","tarasafe.com",-,"Tarasafe"
nvish.com,-,0,"Southern Asia","India","Chandigarh","nvish.com",-,"NVISH Solutions"
factros.ai,Hot,339,-,-,-,"factros.ai",-,-
easydmarc.com,-,0,"Western Asia","Armenia","Yerevan",-,-,"EasyDMARC"
mozato.in,-,0,"Southern Asia","India","Telangana",-,-,"MOZATO"
mdsuae.ae,-,0,"Western Asia","United Arab Emirates","Abu Dhabi",-,-,"MDS"
bankofamerica.com,Cool,5.3,"Northern America","United States","North Carolina",-,-,"Bank of America Corporation"
haptik.ai,-,0,"Southern Asia","India","Maharashtra","haptik.ai",-,"Haptik"
indusface.com,Hot,28.2,"Southern Asia","India","Gujarat","indusface.com",-,"Indusface"
fedex.com,Hot,18.7,"Southern Asia","India","Maharashtra",-,-,"FedEx Corporation"
propelapps.com,-,0,"Southern Asia","India","Telangana",-,-,"Propel Apps"
accenture.com,Hot,40,"Southern Asia","India","Karnataka","accenture.com",-,"Accenture"
amadeus.com,Cool,5,"Southern Asia","India","Karnataka",-,-,"Amadeus IT Group SA"
tcs.com,Hot,64,"Southern Asia","India","Maharashtra","tcs.com",-,"Tata Consultancy Services Limited"
6sense.com,Hot,46.2,"Southern Asia","India","Maharashtra","6sense.com",-,"6sense"
sc.com,Hot,39.8,"Southern Asia","India","Tamil Nadu","sc.com",-,"Standard Chartered Bank"
grazitti.com,Warm,7,"Southern Asia","India","Haryana","grazitti.com",-,"Grazitti Interactive"
metlife.com,-,0,"Southern Asia","India","Uttar Pradesh","metlife.com",-,"MetLife, Inc."
alaanpay.com,Hot,18,"Western Asia","United Arab Emirates","Dubai","alaanpay.com",-,"Alaan"
gnggroup.com,-,0,"Southern Asia","India","Haryana",-,-,"GNG LIMITED"
atomicwork.com,-,0,-,-,-,"atomicwork.com",-,-
confluent.io,Hot,40,"Southern Asia","India","Karnataka","confluent.io",-,"Confluent"
clarivate.com,Cool,4,"Southern Asia","India","Karnataka","clarivate.com",-,"Clarivate Plc"
nludelhi.ac.in,-,0,"Southern Asia","India","NCT",-,-,"National Law University Delhi"
buywow.in,Cool,5,"Southern Asia","India","Karnataka","buywow.in",-,"WOW Skin Science"
engro.com,-,0,"Southern Asia","Pakistan","Sindh",-,-,"Engro Corporation Limited"
xenonstack.com,Ice,0.6,"Northern America","United States","California","xenonstack.com",-,"Xenonstack"
telkomsel.co.id,Hot,59.6,"South Eastern Asia","Indonesia","Jakarta",-,-,"Telkomsel"
limechat.ai,Ice,1,"Southern Asia","India","Karnataka","limechat.ai",-,"LimeChat"
blusapphire.com,Cool,2,-,-,-,"blusapphire.com",-,-
microsoft.com,Hot,35,"Southern Asia","India","Telangana","microsoft.com",-,"Microsoft Corporation"
bits-pilani.ac.in,-,0,"Southern Asia","India","Rajasthan","bits-pilani.ac.in",-,"BITS Pilani"
decimalpointanalytics.com,-,0,"Southern Asia","India","Maharashtra","decimalpointanalytics.com",-,"Decimal Point Analytics"
ac.id,Hot,35,"South Eastern Asia","Indonesia","Jakarta","uin-alauddin.ac.id",-,"Universitas Indonesia"
ucwpa.org.au,-,0,"Australia and New Zealand","Australia","South Australia",-,-,"UNITINGCARE WESLEY PORT ADELAIDE"
persistent.com,Warm,7,"Southern Asia","India","Maharashtra","persistent.com",-,"Persistent Systems"
dxc.technology,Cool,2,"Southern Asia","India","Karnataka","dxc.technology",-,"DXC Technology (fmr CSC)"
tipf.in,-,0,"Southern Asia","India","NCT",-,-,"TIPF"
integrate.com,-,0,"Southern Asia","India","Tamil Nadu","integrate.com",-,"Integrate"
hey.com,Hot,16.7,"Northern America","United States","Illinois","hey.com",-,"HEY"
boston-technology.com,-,0,"Southern Asia","India","Karnataka","boston-technology.com",-,"Boston Technology Corporation"
vjti.ac.in,Cool,5.1,"Southern Asia","India","Maharashtra","vjti.ac.in",-,"Veermata Jijabai Technological Institute"
isb.edu,Hot,24.2,"Southern Asia","India","Telangana","isb.edu",-,"Indian School Of Business"
easyshopinfo.com,Hot,44,-,-,-,-,-,-
liono360.com,-,0,"Southern Asia","India","Gujarat",-,-,"LionOBytes"
onpassive.com,-,0,"Southern Asia","India","Telangana",-,-,"ONPASSIVE"
binmile.com,Hot,57.5,"Southern Asia","India","Uttar Pradesh","binmile.com",-,"Binmile Technologies"
adobe.com,Hot,22.7,"Southern Asia","India","Uttar Pradesh","email.adobe.com",-,"Adobe, Inc."
mmc.za.com,-,0,"Southern Asia","India","Maharashtra",-,-,"MMC"
cisco.com,Hot,33,"Southern Asia","India","Karnataka","cisco.com",-,"Cisco Systems, Inc."
skillnetinc.com,Cool,3,-,-,-,"skillnetinc.com",-,-
ripplehire.com,-,0,-,-,-,"ripplehire.com",-,-
payprop.com,-,0,-,-,-,-,-,-
ernet.in,-,0,"Southern Asia","India","Gujarat","ernet.in",-,"Indian Institute Of Management"
harveysgm.com,-,0,"Northern America","United States","Virginia",-,-,"HARVEY CHEVROLET CORP"
brandfeatured.co,-,0,"South Eastern Asia","Philippines","Central Visayas","brandfeatured.co",-,"Brand Featured"
gansons.com,Warm,7,"Southern Asia","India","Maharashtra","gansons.com",-,"GANSONS LIMITED"
meil.com,-,0,"South Eastern Asia","Philippines","Metro Manila",-,-,"Meil"
farahexperiences.com,-,0,"Western Asia","United Arab Emirates","Abu Dhabi",-,-,"Farah Experiences"
tm.com.my,-,0,"South Eastern Asia","Malaysia","Kuala Lumpur",-,-,"Telekom Malaysia Bhd"
acg-world.com,-,0,"Southern Asia","India","Maharashtra",-,-,"ACG"
mmu.ac.uk,-,0,"Northern Europe","United Kingdom","England",-,-,"Manchester Metropolitan University"
bayzat.com,-,0,"Southern Asia","India","Maharashtra",-,-,"Bayzat"
thedavenportcompanies.com,-,0,"Northern America","United States","Massachusetts",-,-,"The Davenport Companies"
fork.ai,Warm,12,-,-,-,"fork.ai",-,-
v-comply.com,Hot,27,"Southern Asia","India","West Bengal","v-comply.com",-,"VComply"
bigtrunk.co.in,Hot,16,"Southern Asia","India","Maharashtra","bigtrunk.co.in",-,"Big Trunk Communications"
sambaash.com,-,0,"South Eastern Asia","Singapore","Central Singapore","sambaash.com",-,"Sambaash"
myemergencydr.com,-,0,"Australia and New Zealand","Australia","New South Wales",-,-,"My Emergency Doctor"
techtimes.com,-,0,"South Eastern Asia","Philippines","Metro Manila","techtimes.com",-,"Tech Times"
senconbolivia.com,-,0,"South America","Bolivia","La Paz",-,-,"SENCON"
headfitted.com,-,0,"Southern Asia","India","Maharashtra",-,-,"Headfitted"
liveca.ca,Hot,16,"Northern America","Canada","Ontario",-,-,"LiveCA"
shopee.com,Cool,4,"South Eastern Asia","Singapore","Central Singapore",-,-,"Shopee"
marketinghypnotism.com,Cool,3,"Southern Asia","India","Karnataka",-,-,"DIGITAL MARKETING"
returnly.com,-,0,"Northern America","United States","California",-,-,"Returnly"
acsgroup.co.id,-,0,"South Eastern Asia","Indonesia","Jakarta",-,-,"PT. Autojaya Idetech"
leinao.ai,-,0,"Eastern Asia","People's Republic of China","Anhui",-,-,"合肥中科类脑智能技术有限公司"
togai.com,Warm,7,"Southern Asia","India","Tamil Nadu","togai.com",-,"Togai"
amb.cat,-,0,"Southern Europe","Spain","Catalonia",-,-,"Àrea Metropolitana De Barcelona"
mrrooter.com,-,0,"Northern America","United States","Texas",-,-,"Mr. Rooter Plumbing"
entrypoint1.com,Warm,8,"Northern America","United States","California","entrypoint1.com",-,"EP1"
jntuacea.ac.in,-,0,"Southern Asia","India","Andhra Pradesh",-,-,"JNTUA CEA"
soeppainting.com,-,0,"Northern America","United States","Massachusetts",-,-,"SOEP PAINTING CORP"
datatobiz.com,-,0,"Southern Asia","India","Haryana",-,-,"DataToBiz"
splunk.com,Ice,1,"Southern Asia","India","Maharashtra","splunk.com",-,"Splunk, Inc."
netwrix.com,-,0,"Northern America","United States","California",-,-,"Netwrix"
riversand.com,-,0,"Southern Asia","India","Karnataka",-,-,"Riversand"
oupe.es,-,0,"Southern Europe","Spain","Madrid",-,-,"Oxford University Press Espana SA"
gov.au,-,0,"Australia and New Zealand","Australia","New South Wales","arpansa.gov.au",-,"NSW Department Of Education"
ngrok.com,-,0,"Northern America","United States","California","ngrok.com",-,"Ngrok"
convexlabs.io,-,0,"Northern America","United States","California",-,-,"Convex"
corporatelive.com,-,0,"Northern America","United States","Michigan",-,-,"CORPORATE SOUND, INC"
appomni.com,-,0,"Northern America","United States","California","appomni.com",-,"AppOmni"
newcold.com,-,0,"Western Europe","Netherlands","North Brabant",-,-,"NewCold"
wisc.edu,-,0,"Northern America","United States","Wisconsin",-,-,"University Of Wisconsin - Madison"
getbuilt.com,Hot,29,"Northern America","United States","Tennessee","getbuilt.com",-,"Built Technologies"
woking.ac.uk,-,0,"Northern Europe","United Kingdom","England",-,-,"Woking College"
thecopperdoor.net,-,0,"Northern America","United States","Washington",-,-,"The Copper Door"
kea.dk,Cool,3,"Northern Europe","Denmark","Capital Region",-,-,"KEA"
united-gs.com,Hot,92,"Northern America","United States","Ohio",-,-,"United Group Services, Inc."
frankphillips.org,-,0,"Northern America","United States","Oklahoma",-,-,"The Frank Phillips Foundation"
clarev.com,-,0,"Northern America","United States","California","clarev.com",-,"Clare V."
wearedivisa.com,Hot,49,"Northern America","United States","California","wearedivisa.com",-,"DIVISA"
cpaalberta.ca,-,0,"Northern America","Canada","Alberta",-,-,"CPA Alberta"
hokodo.co,-,0,"Northern Europe","United Kingdom","England",-,-,"Hokodo"
portusunberg.com,-,0,"Northern America","United States","Minnesota",-,-,"Portu Sunberg"
chiaro.co.uk,-,0,"Northern Europe","United Kingdom","England",-,-,"Chiaro"
gov2biz.com,Hot,61,"Northern America","United States","Texas","gov2biz.com",-,"Gov2Biz"
tcgdigital.com,-,0,"Southern Asia","India","West Bengal",-,-,"TCG Digital"
malwarebytes.com,-,0,"Northern America","United States","California","malwarebytes.com",-,"Malwarebytes"
rotoql.com,Hot,15,"Northern America","United States","New York",-,-,"RotoQL"
waterlinerenewal.com,-,0,"Northern America","United States","Illinois",-,-,"Waterline Renewal Technologies"
blindveterans.org.uk,-,0,"Northern Europe","United Kingdom","England",-,-,"Blind Veterans UK"
scalefocus.com,-,0,"Southern Europe","Macedonia","Karpos",-,-,"ScaleFocus"
enterpriseholdings.com,-,0,"Northern America","United States","Missouri",-,-,"Enterprise Holdings"
mcrinvestors.com,-,0,"Northern America","United States","New York",-,-,"MCR"
uhn.ca,-,0,"Northern America","Canada","Ontario",-,-,"University Health Network"
givingdata.com,Warm,12,"Northern America","United States","Massachusetts",-,-,"GivingData"
ostrichcyber-risk.com,Hot,17,"Northern America","United States","Utah","ostrichcyber-risk.com",-,"Ostrich Cyber - Risk"
jet-mail.com,-,0,"Northern America","United States","Massachusetts",-,-,"Jet Mail Services"
lannick.com,-,0,"Northern America","Canada","Ontario",-,-,"Lannick"
javelinstrategy.com,-,0,"Northern America","United States","California",-,-,"Javelin Strategy & Research"
asu.edu,Cool,4,"Northern America","United States","Arizona","asu.edu",-,"Arizona State University"
guidecx.com,-,0,"Northern America","United States","Utah","guidecx.com",-,"GuideCX"
suprsend.com,Hot,16,"Southern Asia","India","Karnataka","suprsend.com",-,"SuprSend"
fundinguniverse.com,-,0,"Northern America","United States","Utah",-,-,"Lendio"
tiktok.com,-,0,"Northern America","United States","California",-,-,"TikTok"
systemsalliance.com,Hot,30,"Northern America","United States","Maryland","systemsalliance.com",-,"Systems Alliance"
elangel.edu.ve,-,0,"South America","Venezuela","Nueva Esparta",-,-,"u.e.el Angel"
everyware.com,-,0,"Northern America","United States","Texas","everyware.com",-,"Everyware"
markaaz.com,Warm,6,"Northern America","United States","Texas","markaaz.com",-,"Markaaz"
goodwatercap.com,-,0,"Northern America","United States","California",-,-,"Goodwater Capital"
smithpublicity.com,-,0,"Northern America","United States","New Jersey",-,-,"Smith Publicity"
aspirets.com,-,0,"Northern Europe","United Kingdom","England",-,-,"Aspire Technology Solutions"
prosetechnologies.com,-,0,"Southern Asia","India","Maharashtra",-,-,"Prose Technologies"
pilotdelivers.com,-,0,"Northern America","United States","Pennsylvania",-,-,"Pilot Freight Services"
demmelearning.com,-,0,"Northern America","United States","Pennsylvania",-,-,"Demme Learning"
flux.be,Hot,17,"Western Europe","Belgium","Flanders","flux.be",-,"FLUX"
nomadcredit.com,-,0,"Northern America","United States","Illinois",-,-,"Nomad Credit"
growthstrategy.co.za,-,0,"Southern Africa","South Africa","Western Cape","growthstrategy.co.za",-,"Growth Strategy"
national-parking.com,-,0,"Northern America","United States","Georgia",-,-,"National Parking"
pandadoc.com,-,0,"Eastern Europe","Poland","Mazovia","pandadoc.com",-,"PandaDoc"
nudgesecurity.com,Hot,39,"Northern America","United States","Texas","nudgesecurity.com",-,"Nudge Security"
trinet.com,-,0,"Northern America","United States","California","trinet.com",-,"TriNet Group, Inc."
splashthat.com,-,0,"Northern America","United States","New York","splashthat.com",-,"Splash"
dtexsystems.com,-,0,"Northern America","United States","California",-,-,"Dtex Systems"
flowlabs.ca,-,0,"Northern America","Canada","Ontario",-,-,"FLOW LABS"
bellproarch.com,-,0,"Northern America","United States","Minnesota",-,-,"BellPro Architectural"
threatmits.com,-,0,"Western Africa","Nigeria","Rivers",-,-,"ThreatMit"
activecampaign.com,-,0,"Northern America","United States","Illinois","activecampaign.com",-,"ActiveCampaign"
gopigment.com,-,0,"Western Europe","France","Ile-de-France",-,-,"Pigment"
iplon.in,-,0,"Southern Asia","India","Tamil Nadu",-,-,"IPLON"
colegiocampoverde.com,-,0,"Central America","Mexico","Colima",-,-,"Colegio Campoverde"
worldwildlife.org,-,0,"Northern America","United States","Washington, D.C.",-,-,"World Wildlife Fund"
campusmgmt.com,-,0,"Northern America","United States","Florida",-,-,"Campus Management Corporation"
sensysnetworks.com,Warm,10.7,"Northern America","United States","California","sensysnetworks.com",-,"Sensys Networks"
dsp.co.uk,-,0,"Northern Europe","United Kingdom","England",-,-,"DSP"
nd.edu,Cool,5.3,"Northern America","United States","Indiana",-,-,"University Of Notre Dame"
rochebros.com,-,0,"Northern America","United States","Massachusetts",-,-,"Roche Bros."
providertrust.com,-,0,"Northern America","United States","Tennessee",-,-,"ProviderTrust"
publicisgroupe.com,-,0,"Northern Europe","United Kingdom","England","publicisgroupe.com",-,"Publicis Groupe"
dpr.com,Ice,1,"Northern America","United States","California",-,-,"DPR Construction"
completegenomics.com,-,0,"Northern America","United States","California",-,-,"Complete Genomics"
royallepage.ca,-,0,"Northern America","Canada","Ontario",-,-,"Royal Lepage Limited"
anca.org.ve,-,0,"South America","Venezuela","Portuguesa",-,-,"ANCA"
globalcomva.com,-,0,"Northern America","United States","Virginia",-,-,"Global Com"
halosight.com,-,0,"Northern America","United States","Utah",-,-,"Halosight"
rezolve.ai,Warm,12,"Northern America","United States","California","rezolve.ai",-,"Rezolve AI"
databricks.com,-,0,"Northern America","United States","California","databricks.com",-,"Databricks"
venable.com,Warm,7,"Northern America","United States","Washington, D.C.","venable.com",-,"Venable LLP"
kirklands.com,Warm,8,"Northern America","United States","Tennessee",-,-,"Kirkland's"
vodafone.com,-,0,"Southern Asia","India","Maharashtra","vodafone.com",-,"Vodafone Group Plc"
avkin.com,-,0,"Northern America","United States","Delaware",-,-,"Avkin"
melia.com,-,0,"Southern Europe","Spain","Balearic Islands",-,-,"Meliá Hotels International"
seo.net,Cool,5.1,"Southern Asia","Pakistan","Punjab",-,-,"Seo"
housing.com,-,0,"Southern Asia","India","Haryana",-,-,"Housing.com"
prudentialplc.com,-,0,"Eastern Asia","People's Republic of China","Hong Kong SAR",-,-,"Prudential"
nakisa.com,-,0,"Northern America","Canada","Quebec",-,-,"Nakisa"
iconiqcapital.com,-,0,"Northern America","United States","California",-,-,"ICONIQ Capital"
inchesnfeet.com,-,0,"Southern Asia","India","Karnataka",-,-,"Inches N Feet"
karthams.com,-,0,"Northern America","United States","Florida",-,-,"Mize"
prosol.com,-,0,"Northern America","United States","Kentucky",-,-,"Prosol Ingenieria"
upstack.com,-,0,-,-,-,"upstack.com",-,-
technicolor.com,-,0,"Southern Asia","India","Karnataka","technicolor.com",-,"Technicolor SA"
triggerise.org,-,0,"Southern Europe","Portugal","Porto",-,-,"Triggerise"
jumpfactor.net,Hot,37.3,"Northern America","Canada","Ontario","jumpfactor.net",-,"Jumpfactor"
uspools.net,-,0,"Northern America","United States","Maryland",-,-,"US Pools"
apogeerc.com,-,0,"Northern America","United States","Florida",-,-,"Htbiiiholdings"
directlink.ai,Hot,35.4,"Northern America","United States","New York","directlink.ai",-,"Directlink"
nvidia.com,Warm,10.9,"Southern Asia","India","Karnataka","nvidia.com",-,"Nvidia Corporation"
georgian.edu,-,0,"Northern America","United States","New Jersey",-,-,"Georgian Court University"
getcacheflow.com,-,0,"Northern America","United States","California","getcacheflow.com",-,"Cacheflow"
zscaler.com,Warm,10.7,"Southern Asia","India","Karnataka","zscaler.com",-,"Zscaler"
nice.com,-,0,"Northern America","United States","New Jersey",-,-,"NICE"
accelaero.com,-,0,"Western Asia","United Arab Emirates","Ash Shariqah",-,-,"ACCELaero"
vitstudent.ac.in,-,0,"Southern Asia","India","Tamil Nadu","vitstudent.ac.in",-,"Vellore Institute Of Technology"
bu.edu,Cool,4,"Northern America","United States","Massachusetts",-,-,"Boston University"
sentinelone.com,-,0,"Northern America","United States","California","sentinelone.com",-,"SentinelOne"
innovisk.com,-,0,"Southern Asia","India","Maharashtra",-,-,"Innovisk Capital Partners"
cmu.edu,-,0,"Northern America","United States","Pennsylvania",-,-,"Carnegie Mellon University"
generatemomentum.ai,-,0,"Northern Europe","Denmark","Capital Region",-,-,"Momentum"
omniyat.ma,-,0,"Northern Africa","Morocco","Casablanca-Settat",-,-,"OMNIYAT"
voiantclinical.com,-,0,-,-,-,"voiantclinical.com",-,-
cloudquery.io,Cool,3,"Northern America","United States","Oregon","cloudquery.io",-,"CloudQuery"
hearst.com,Cool,2,"Northern America","United States","New York",-,-,"Hearst Corporation"
leyton.com,Hot,66,"Western Europe","France","Ile-de-France","leyton.com",-,"Leyton"
bmcinnovation.com,-,0,"South America","Argentina","Buenos Aires F.D.",-,-,"BMC Strategic Innovation"
cloudpay.com,-,0,"Northern America","United States","North Carolina",-,-,"CloudPay"
m3dm.ca,-,0,"Northern America","Canada","Alberta",-,-,"M3 DEVELOPMENT MANAGEMENT"
pappin.ca,Warm,11,"Northern America","Canada","Ontario",-,-,"pappin.ca"
techmahindra.com,Hot,43,"Southern Asia","India","Maharashtra","techmahindra.com",-,"Tech Mahindra Ltd"
thevirtualux.com,-,0,"Southern Asia","Pakistan","Punjab",-,-,"The VirtualUX"
fprimecapital.com,-,0,"Northern America","United States","Massachusetts","fprimecapital.com",-,"F-Prime Capital"
nardelloandco.com,-,0,"Northern America","United States","New York",-,-,"Nardello & Co."
argo-ds.com,-,0,"Southern Europe","Italy","Lombardy",-,-,"Argo Development Studio"
inquire.com,-,0,"Northern America","United States","California",-,-,"Inquire"
zowie.ai,-,0,-,-,-,"zowie.ai",-,-
smithbrewer.co.uk,-,0,"Northern Europe","United Kingdom","England",-,-,"SMITHBREWER LIMITED"
cantrellgainco.com,-,0,"Northern America","United States","Georgia",-,-,"Gainco"
proma.sk,-,0,"Eastern Europe","Slovakia","Zilinsky",-,-,"PROMA S.R.O."
honeycombindia.net,Ice,1,"Southern Asia","India","Karnataka","honeycombindia.net",-,"Honeycomb Creative Support"
ericsson.com,Cool,5.8,"Northern Europe","Finland","Uusimaa","ericsson.com",-,"L.M. Ericsson"
aircareautomation.com,-,0,"Northern America","United States","California","aircareautomation.com",-,"AirCare Automation"
pw.edu.pl,-,0,"Eastern Europe","Poland","Mazovia",-,-,"Politechnika Warszawska"
firstquality.com,-,0,"Northern America","United States","New York",-,-,"First Quality Enterprises Inc"
mobligent.com,Cool,5,"Southern Asia","India","Maharashtra",-,-,"Mobligent Media"
championsemail.com,-,0,-,-,-,"championsemail.com",-,-
dustin.no,-,0,"Northern Europe","Norway","Ostfold",-,-,"Dustin Norway AS"
superops.com,-,0,-,-,-,"superops.com",-,-
exponentiaus.com,-,0,"Southern Asia","India","Maharashtra",-,-,"EXPONENTIA"
xunta.gal,-,0,"Southern Europe","Spain","Galicia",-,-,"Xunta De Galicia"
hubspot.com,-,0,"Southern Asia","India","Maharashtra","support.hubspot.com",-,"HubSpot"
contactmonkey.com,Cool,3,"Northern America","Canada","Ontario",-,-,"ContactMonkey"
msu.edu,Cool,4,"Northern America","United States","Michigan",-,-,"Michigan State University"
filecamp.com,-,0,"Northern Europe","Denmark","Capital Region",-,-,"Filecamp"
kennesaw.edu,-,0,"Northern America","United States","Georgia",-,-,"Kennesaw State University"
gmr.dk,-,0,"Northern Europe","Denmark","Central Jutland",-,-,"GMR Maskiner A/S"
lisdoha.com,-,0,"Western Asia","Qatar","Baladiyat ad Dawhah",-,-,"Loyola Group Of Institutions - Qatar"
friscon.nl,Hot,26,-,-,-,"friscon.nl",-,-
morningstar.com,-,0,"Southern Asia","India","Maharashtra","morningstar.com",-,"Morningstar, Inc."
thetechbag.com,Warm,10,"Southern Asia","India","Karnataka","thetechbag.com",-,"TechBag Digital Pvt Ltd"
qinetiq.com,-,0,"Northern Europe","United Kingdom","England",-,-,"QinetiQ Group plc"
mesinc.net,-,0,"Northern America","United States","Ohio",-,-,"MES"
namogoo.com,-,0,"Western Asia","Israel","Central District","namogoo.com",-,"Namogoo"
ecapital.com,-,0,"Northern America","Canada","Ontario",-,-,"Ecapital"
outfront.com,-,0,"Northern America","United States","New York","outfront.com",-,"OUTFRONT Media LLC"
vynamic.com,-,0,"Northern America","United States","Pennsylvania",-,-,"Vynamic"
pavilionpay.com,Warm,12,-,-,-,-,-,-
bureauveritas.com,-,0,"Southern Asia","India","Maharashtra",-,-,"Bureau Veritas SA"
csgi.com,Warm,14,"Southern Asia","India","Karnataka","csgi.com",-,"CSG Systems International, Inc."
purestorage.com,-,0,"Southern Asia","India","Karnataka","purestorage.com",-,"Pure Storage"
aavenir.com,-,0,"Southern Asia","India","Gujarat","aavenir.com",-,"Aavenir"
fivetran.com,-,0,"Northern America","United States","California","fivetran.com",-,"Fivetran"
goldenpeakmedia.com,-,0,"Northern America","United States","Colorado","goldenpeakmedia.com",-,"Golden Peak Media"
milesweb.com,-,0,"Southern Asia","India","Maharashtra","milesweb.com",-,"MilesWeb"
l4mail.com,-,0,-,-,-,"l4mail.com",-,-
vibsinfosol.com,Cool,5.1,"Southern Asia","India","Madhya Pradesh","vibsinfosol.com",-,"VIBS Infosol"
snovasys.com,-,0,"Southern Asia","India","Andhra Pradesh","snovasys.com",-,"Snovasys"
fieldtest.la,-,0,"Northern America","United States","California","fieldtest.la",-,"FieldTest"
senecaglobal.com,-,0,"Southern Asia","India","Telangana","senecaglobal.com",-,"SenecaGlobal"
globalvoxinc.com,-,0,"Southern Asia","India","Gujarat","globalvoxinc.com",-,"GlobalVox"
qps.com,-,0,"Northern America","United States","Delaware","qps.com",-,"QPS"
beingdigitalz.com,-,0,"Southern Asia","India","Maharashtra","beingdigitalz.com",-,"Being Digitalz"
akirolabs.com,-,0,-,-,-,"akirolabs.com",-,-
aryacom.com,-,0,"Southern Asia","India","Maharashtra",-,-,"ARYA COMMUNICATIONS & ELECTRONICS SERVICE PVT. LTD"
acecloudhosting.com,-,0,-,-,-,"acecloudhosting.com",-,-
swmintl.com,-,0,"Northern America","United States","Georgia",-,-,"Schweitzer Mauduit International"
pr.com,Warm,6,"Southern Asia","India","Maharashtra",-,-,"PR.com"
baptisthealth.com,-,0,"Northern America","United States","Kentucky",-,-,"Baptist Health"
vivla.com,-,0,"Southern Europe","Spain","Madrid",-,-,"Vivla"
mass.gov,-,0,"Northern America","United States","Massachusetts",-,-,"Commonwealth Of Massachusetts"
tech-bridge.biz,-,0,"Southern Asia","India","Haryana",-,-,"TechBridge"
pluto-men.com,-,0,-,-,-,"pluto-men.com",-,-
ganitinc.com,Ice,1.9,"Southern Asia","India","Tamil Nadu","ganitinc.com",-,"Ganit"
aspirenxt.com,Warm,9.2,"Southern Asia","India","Karnataka","aspirenxt.com",-,"AspireNXT"
qmetry.com,-,0,"Southern Asia","India","Gujarat","qmetry.com",-,"QMetry"
myambergroup.com,-,0,"Northern America","United States","Oregon","myambergroup.com",-,"Amber Group Limited"
bangkoklife.com,-,0,"South Eastern Asia","Thailand","Phra Nakhon Si Ayutthaya",-,-,"Bangkok Life Assurance Public Company Limited"
theglobeandmail.com,-,0,"Northern America","Canada","Ontario",-,-,"The Globe & Mail"
e-consystems.com,Hot,16,"Southern Asia","India","Tamil Nadu","e-consystems.com",-,"E-con Systems"
beatroute.io,-,0,"Southern Asia","India","Haryana","beatroute.io",-,"BeatRoute"
mavenir.com,Cool,5.1,"Northern America","Canada","Ontario","mavenir.com",-,"Mavenir"
spyne.ai,Warm,8,"Southern Asia","India","Haryana","spyne.ai",-,"Spyne"
veeva.com,-,0,"Northern America","United States","California","veeva.com",-,"Veeva Systems, Inc."
madicorp.com,-,0,"Northern America","United States","Massachusetts",-,-,"MADI"
zkteco.com,-,0,-,-,-,"zkteco.com",-,-
dista.ai,Ice,1.2,"Southern Asia","India","Maharashtra","dista.ai",-,"Dista"
vwbeatroute.com,-,0,-,-,-,"vwbeatroute.com",-,-
airlinq.com,Hot,25.1,"Southern Asia","India","Karnataka","airlinq.com",-,"Globetouch"
tekfriday.com,-,0,-,-,-,"tekfriday.com",-,-
teramatrix.in,-,0,-,-,-,"teramatrix.in",-,-
futurebridge.com,Warm,11.1,"Southern Asia","India","Maharashtra","futurebridge.com",-,"FutureBridge"
kpit.com,-,0,"Southern Asia","India","Maharashtra","kpit.com",-,"KPIT"
litmus7.com,-,0,"Southern Asia","India","Kerala","litmus7.com",-,"Litmus7 Systems Consulting"
accorhotels.group,Warm,8,"Northern Europe","United Kingdom","England",-,-,"Accor SA"
everstage.com,Ice,1,"Southern Asia","India","Tamil Nadu","everstage.com",-,"Everstage"
spectra.co,-,0,"Southern Asia","India","Haryana",-,-,"Shyam Spectra Pvt"
nebularc.com,-,0,"Southern Asia","India","Haryana","nebularc.com",-,"NebulARC Technologies Pvt Ltd"
pangulftech.com,Warm,6,"Southern Asia","India","Maharashtra","pangulftech.com",-,"Pan Gulf Technologies Pvt"
wysetek.com,-,0,-,-,-,"wysetek.com",-,-
crayon.com,-,0,"Southern Asia","India","Maharashtra","crayon.com",-,"Crayon"
apaengineering.com,-,0,-,-,-,"apaengineering.com",-,-
innovapptive.com,Ice,0.3,"Southern Asia","India","Telangana","innovapptive.com",-,"Innovapptive"
quadrant-solutions.com,-,0,-,-,-,"quadrant-solutions.com",-,-
onsolve.com,Warm,7,"Northern America","United States","Florida","onsolve.com",-,"OnSolve"
plutocard.io,-,0,-,-,-,"plutocard.io",-,-
billionlives.in,-,0,-,-,-,"billionlives.in",-,-
cadopt.com,-,0,"Southern Asia","India","Karnataka","cadopt.com",-,"CADOPT TECHNOLOGIES Pvt Ltd"
winwire.com,Cool,2,"Southern Asia","India","Karnataka","winwire.com",-,"WinWire Technologies"
ilfsindia.com,-,0,"Southern Asia","India","Maharashtra","ilfsindia.com",-,"IL & FS"
cimpress.com,-,0,"Southern Asia","India","Maharashtra",-,-,"Cimpress Plc"
novatiosolutions.com,Hot,75,"Southern Asia","India","Tamil Nadu","novatiosolutions.com",-,"Novatio Solutions"
chainsys.com,-,0,-,-,-,"chainsys.com",-,-
logically.ai,-,0,"Southern Asia","India","Karnataka","logically.ai",-,"Logically"
thecollectiveminds.com,Ice,0.5,-,-,-,"thecollectiveminds.com",-,-
hms.agency,-,0,-,-,-,"hms.agency",-,-
tokyotechlab.com,-,0,"South Eastern Asia","Vietnam","Ha Noi",-,-,"Tokyo Tech Lab"
traceable.ai,Warm,6,"Northern America","Canada","Ontario","traceable.ai",-,"Traceable"
avanade.com,-,0,"Western Europe","Netherlands","Utrecht",-,-,"Avanade"
kornferry.com,Cool,2,"Southern Asia","India","Haryana","kornferry.com",-,"Korn Ferry"
automyadmin.com,-,0,"Northern America","United States","Washington, D.C.",-,-,"Auto Admin"
tradetracker.com,-,0,"Western Europe","Netherlands","Flevoland",-,-,"TradeTracker"
deskday.ai,-,0,-,-,-,"deskday.ai",-,-
se.com,Warm,6.1,"Southern Asia","India","Karnataka",-,-,"Schneider Electric"
softwareag.com,Cool,3,"Southern Asia","India","Karnataka","softwareag.com",-,"Software AG"
tricog.com,-,0,"Southern Asia","India","Karnataka",-,-,"Tricog Health"
bell.com,-,0,"Northern America","Canada","Ontario",-,-,"Bell"
idiotic.media,-,0,-,-,-,"idiotic.media",-,-
sielift.com,-,0,"Northern America","United States","North Carolina",-,-,"Southeast Industrial Equipment"
panorays.com,Hot,40,"Western Asia","Israel","Tel Aviv","panorays.com",-,"Panorays"
happens.se,-,0,"Northern Europe","Sweden","Stockholm",-,-,"Happens"
bnca.ac.in,-,0,"Southern Asia","India","Maharashtra",-,-,"Bnca"
nousinfosystems.com,-,0,"Southern Asia","India","Karnataka","nousinfosystems.com",-,"Nous Infosystems"
optisolbusiness.com,Ice,1.1,"Southern Asia","India","Tamil Nadu","optisolbusiness.com",-,"OptiSol Business Solutions"
boeing.com,Cool,4,"Southern Asia","India","Karnataka","boeing.com",-,"Boeing Company"
suntronix.net,-,0,-,-,-,"suntronix.net",-,-
adss.com,-,0,"Southern Asia","India","West Bengal",-,-,"ADS Securities"
techshu.in,-,0,-,-,-,"techshu.in",-,-
innodata.com,-,0,"Southern Asia","India","Uttar Pradesh","innodata.com",-,"Innodata"
mait.com,-,0,"Southern Asia","India","NCT",-,-,"MAIT"
comnetinfo.com,-,0,"Southern Asia","India","Maharashtra","comnetinfo.com",-,"Comnet Solutions Pvt Ltd"
eazybe.com,Ice,0.5,-,-,-,"eazybe.com",-,-
emtec-electronic.de,-,0,"Western Europe","Germany","Saxony",-,-,"Emtec Electronic GmbH"
orioninc.com,Cool,5,"Southern Asia","India","Tamil Nadu",-,-,"Orion Innovation"
contlo.com,-,0,"Southern Asia","India","Karnataka","contlo.com",-,"Contlo"
spacelift.io,-,0,"Western Europe","France","Ile-de-France",-,-,"Spacelift"
hexaviewtech.com,-,0,-,-,-,"hexaviewtech.com",-,-
klenty.com,Hot,17,"Southern Asia","India","Tamil Nadu","klenty.com",-,"Klenty"
optum.com,-,0,"Southern Asia","India","Telangana","optum.com",-,"Optum"
dgtra.com,-,0,"Southern Asia","India","Maharashtra",-,-,"DGTRA CONSULTANCY PVT LTD"
msx.om,-,0,"Western Asia","Oman","Muscat",-,-,"Muscat Stock Exchange"
livestrongtechnologies.com,-,0,"Southern Asia","India","Maharashtra",-,-,"Livestrong Technologies"
tapcart.co,-,0,-,-,-,"tapcart.co",-,-
manageartworks.com,Warm,6,"Southern Asia","India","Tamil Nadu","manageartworks.com",-,"ManageArtworks"
supplynexus.com,-,0,"Southern Europe","Spain","Madrid",-,-,"Supply Nexus"
astrad.io,-,0,-,-,-,"astrad.io",-,-
zapro.ai,Hot,31.1,-,-,-,"zapro.ai",-,-
makeitplastic.com,-,0,-,-,-,"makeitplastic.com",-,-
agh.edu.pl,Hot,17,"Eastern Europe","Poland","Lesser Poland Voivodeship",-,-,"AGH"
eclouds.co,-,0,-,-,-,"eclouds.co",-,-
argonandco.com,-,0,"Southern Asia","India","Maharashtra",-,-,"Argon & Co"
bbc.com,-,0,"Southern Asia","India","NCT",-,-,"BBC"
uttamblastech.com,Hot,46,-,-,-,"uttamblastech.com",-,-
ltimindtree.com,Warm,6,"Southern Asia","India","Maharashtra",-,-,"LTIMindtree"
exactsolutions.co.uk,-,0,"Northern Europe","United Kingdom","England",-,-,"Exact Solutions"
hostiq.ua,Warm,7,"Eastern Europe","Ukraine","Kharkiv",-,-,"HOSTiQ.ua"
ivistasolutions.com,-,0,-,-,-,"ivistasolutions.com",-,-
speridian.com,Cool,2,"Southern Asia","India","Kerala","speridian.com",-,"Speridian Technologies"
ivista.in,-,0,"Southern Asia","India","Karnataka",-,-,"I VISTA DIGITAL SOLUTIONS LTD"
revenuehero.io,-,0,-,-,-,"revenuehero.io",-,-
marketechy.com,Warm,6,"Eastern Europe","Ukraine","Lviv","marketechy.com",-,"Marketechy"
mindtree.com,Cool,3,"Southern Asia","India","Karnataka","mindtree.com",-,"Mindtree"
plivo.com,-,0,"Southern Asia","India","Karnataka","plivo.com",-,"Plivo"
mudrantar.com,-,0,-,-,-,"mudrantar.com",-,-
spotdraft.com,-,0,"Southern Asia","India","Karnataka","spotdraft.com",-,"SpotDraft"
outpacedigitalmarketing.com,-,0,-,-,-,"outpacedigitalmarketing.com",-,-
crankymonkey.info,-,0,-,-,-,"crankymonkey.info",-,-
nector.io,-,0,-,-,-,"nector.io",-,-
enterpret.com,-,0,-,-,-,"enterpret.com",-,-
entytle.com,-,0,-,-,-,"entytle.com",-,-
apxby.com,-,0,-,-,-,"apxby.com",-,-
sarthaadvisors.com,-,0,-,-,-,"sarthaadvisors.com",-,-
drivetrain.ai,-,0,-,-,-,"drivetrain.ai",-,-
newgenmondo.com,-,0,-,-,-,"newgenmondo.com",-,-
pingsafe.com,Hot,15,"Southern Asia","India","Karnataka","pingsafe.com",-,"PingSafe"
appsontechnologies.in,-,0,-,-,-,"appsontechnologies.in",-,-
indusnet.co.in,-,0,-,-,-,"indusnet.co.in",-,-
cointab.net,-,0,-,-,-,"cointab.net",-,-
spagreen.net,-,0,-,-,-,"spagreen.net",-,-
featherhq.com,-,0,-,-,-,"featherhq.com",-,-
foxsb.com,-,0,-,-,-,"foxsb.com",-,-
nfctagify.com,-,0,-,-,-,"nfctagify.com",-,-
flux.ai,-,0,-,-,-,"flux.ai",-,-
kulficollective.com,-,0,"Southern Asia","India","Maharashtra","kulficollective.com",-,"Kulfi Collective"
soffnertecnologia.com,-,0,-,-,-,"soffnertecnologia.com",-,-
curiousaboutsales.com,-,0,-,-,-,"curiousaboutsales.com",-,-
ionixxtech.com,-,0,-,-,-,"ionixxtech.com",-,-
peel-works.com,-,0,-,-,-,"peel-works.com",-,-
plankton.ink,-,0,-,-,-,"plankton.ink",-,-
evonence.com,-,0,-,-,-,"evonence.com",-,-
rmglobal.in,-,0,-,-,-,"rmglobal.in",-,-
ninjacart.com,-,0,-,-,-,"ninjacart.com",-,-
coderpad.io,-,0,-,-,-,"coderpad.io",-,-
locale.ai,-,0,-,-,-,"locale.ai",-,-
code-brew.com,-,0,"Southern Asia","India","Chandigarh","code-brew.com",-,"Code Brew Labs"
factors.app,-,0,-,-,-,"factors.app",-,-
intellicus.com,-,0,"Southern Asia","India","Madhya Pradesh","intellicus.com",-,"Intellicus Technologies"
jivox.com,-,0,-,-,-,"jivox.com",-,-
azentio.com,-,0,-,-,-,"azentio.com",-,-
apexon.com,-,0,-,-,-,"apexon.com",-,-
verint.com,-,0,-,-,-,"verint.com",-,-
zelitesolutions.com,-,0,-,-,-,"zelitesolutions.com",-,-
costbo.com,-,0,-,-,-,"costbo.com",-,-
here.com,-,0,-,-,-,"here.com",-,-
jarvisden.com,-,0,-,-,-,"jarvisden.com",-,-
infostretch.com,-,0,-,-,-,"infostretch.com",-,-
performant.co,-,0,-,-,-,"performant.co",-,-
novonordisk.com,-,0,"Northern Europe","Denmark","Capital Region","novonordisk.com",-,"Novo Nordisk A/S"
timesinternet.in,Warm,13,"Southern Asia","India","Haryana",-,-,"Times Internet"
mouritech.com,Hot,18.7,"Southern Asia","India","Telangana","mouritech.com",-,"MOURI Tech"
reprenariat.com,-,0,"Western Asia","Israel","Tel Aviv",-,-,"Masterschool"
wayfair.com,Cool,2,"Northern America","United States","Massachusetts","wayfair.com",-,"Wayfair, Inc."
bcg.com,Ice,1,"Northern America","United States","Massachusetts","bcg.com",-,"Boston Consulting Group"
dealmed.ru,-,0,"Eastern Europe","Russia","Moscow Oblast",-,-,"Meditsinskoe Oborudovanie"
worldbank.org,-,0,"Northern America","United States","Washington, D.C.",-,-,"World Bank"
cloudinary.com,-,0,"Western Asia","Israel","Central District","cloudinary.com",-,"Cloudinary"
frontier.xyz,-,0,"South Eastern Asia","Singapore","Central Singapore",-,-,"Frontier"
franconnect.com,Warm,8,"Southern Asia","India","Uttar Pradesh",-,-,"FranConnect"
coca-colacompany.com,Cool,5.8,"Southern Asia","India","Haryana",-,-,"The Coca - Cola Company"
uet.edu.pk,-,0,"Southern Asia","Pakistan","Punjab",-,-,"University Of Engineering & Technology, Lahore"
data.ai,-,0,"South Eastern Asia","Singapore","Central Singapore","data.ai",-,"data.ai"
ost.al,-,0,"Southern Europe","Albania","Tirane",-,-,"OST"
arterracanada.com,-,0,"Northern America","Canada","Ontario",-,-,"Arterra Wines Canada"
lexamica.com,Hot,21,-,-,-,"lexamica.com",-,-
gordian.com,Hot,30,"Northern America","United States","South Carolina","gordian.com",-,"Gordian"
primedataservices.com,-,0,"Southern Asia","India","Chandigarh","primedataservices.com",-,"Prime Data Services"
mctbrattberg.com,-,0,"Northern Europe","Sweden","Blekinge",-,-,"MCT Brattberg AB"
gmail.com,Hot,109,-,-,-,-,-,-
payoneer.com,-,0,"Western Asia","Israel","Central District",-,-,"Payoneer"
brightchamps.com,Hot,33,-,-,-,"brightchamps.com",-,-
plasticmoldingmfg.com,-,0,"Northern America","United States","Massachusetts",-,-,"Plastic Molding Manufacturing"
gibf.biz,Hot,21,-,-,-,"gibf.biz",-,-
youngiexpress.com,Hot,24,-,-,-,"youngiexpress.com",-,-
royell.net,-,0,"Northern America","United States","Illinois",-,-,"Royell Communications"
caremark.com,-,0,"Southern Asia","India","Uttar Pradesh",-,-,"CVS Caremark"
manipal.edu,-,0,"Southern Asia","India","Rajasthan","jaipur.manipal.edu",-,"Manipal University Jaipur"
sofmen.com,-,0,"Southern Asia","India","Madhya Pradesh",-,-,"Sofmen"
qwerty.software,-,0,"Eastern Europe","Ukraine","Kyiv",-,-,"Qwerty.Software"
zoominfo.com,Hot,67,"Northern America","United States","Washington","email.zoominfo.com",-,"ZoomInfo"
cyberknight.tech,-,0,"Western Asia","Saudi Arabia","Ar Riyad",-,-,"CyberKnight"
whoppl.com,-,0,"Southern Asia","India","Maharashtra",-,-,"Whoppl"
mckinsey.com,Cool,2,"Southern Asia","India","Haryana","mckinsey.com",-,"McKinsey & Company Inc"
caseinpointco.com,-,0,"Western Asia","Jordan","Amman",-,-,"Case In Point Consulting"
gla.ac.in,-,0,"Southern Asia","India","Uttar Pradesh","gla.ac.in",-,"GLA University"
bhu.ac.in,-,0,"Southern Asia","India","Uttar Pradesh",-,-,"Banaras Hindu University"
slaglemech.com,-,0,"Northern America","United States","Ohio",-,-,"SLAGLE MECHANICAL CONTRACTORS"
grdb.gy,-,0,"South America","Guyana","Demerara-Mahaica",-,-,"Guyana Rice Development Board"
zipvit.co.uk,-,0,"Northern Europe","United Kingdom","England",-,-,"Zipvit"
corbettinc.com,Hot,15.3,"Northern America","United States","Pennsylvania","corbettinc.com",-,"Corbett"
pico.net,-,0,"South Eastern Asia","Singapore","Central Singapore",-,-,"Pico"
tricorniotech.com,-,0,"Southern Asia","India","Uttar Pradesh",-,-,"Tricornio Technologies"
maverickdigital.net,-,0,"Northern America","United States","New York",-,-,"Digital Mavericks"
henkel.com,-,0,"Western Europe","Germany","North Rhine-Westphalia",-,-,"Henkel  AG"
iitr.ac.in,-,0,"Southern Asia","India","Uttarakhand","mt.iitr.ac.in",-,"IIT Roorkee"
iu.edu,-,0,"Northern America","United States","Indiana",-,-,"Indiana University"
uniroma1.it,-,0,"Southern Europe","Italy","Latium",-,-,"Sapienza Università Di Roma"
mangrove.edu.bd,-,0,"Southern Asia","Bangladesh","Dhaka",-,-,"Mangrove Institute Of Science & Technology"
rishi.com,-,0,"Southern Asia","India","NCT",-,-,"Rishi Computer"
quickwork.com,-,0,"Southern Asia","India","Maharashtra",-,-,"QUICKWORK CONSULTANTS"
husare.de,-,0,"Western Europe","Germany","North Rhine-Westphalia",-,-,"Husare Gmbh"
dsu.edu.pk,-,0,"Southern Asia","Pakistan","Sindh",-,-,"DHA Suffa University"
automationanywhere.com,Hot,29,"Southern Asia","India","Karnataka","automationanywhere.com",-,"Automation Anywhere"
upct.es,-,0,"Southern Europe","Spain","Murcia",-,-,"Universidad Politécnica De Cartagena"
hiberus.com,-,0,"Southern Europe","Spain","Aragon",-,-,"Hiberus"
nokia.com,Ice,1,"Southern Asia","India","Karnataka","nokia.com",-,"Nokia Corporation"
gmo-research.com,-,0,"Northern Europe","United Kingdom","England",-,-,"GMO Research"
toptal.com,-,0,"Eastern Europe","Poland","Mazovia","toptal.com",-,"Toptal"
recolabs.ai,-,0,"Western Asia","Israel","Tel Aviv",-,-,"RecoLabs"
qognify.com,-,0,"Western Asia","Israel","Central District",-,-,"Qognify"
publicissapient.com,Warm,12,"Southern Asia","India","Haryana","publicissapient.com",-,"Publicis Sapient"
thinktalent.co,-,0,"Southern Asia","India","Haryana",-,-,"Think Talent NEXT"
vistaprint.com,-,0,"Southern Asia","India","Maharashtra",-,-,"Vistaprint"
lakhanijordan.com,-,0,"Southern Asia","India","Telangana",-,-,"LAKHANI & JORDAN ENGINEERS P C"
pbpartners.com,-,0,"Southern Asia","India","Haryana",-,-,"PB Partners"
sapir.ac.il,Cool,2,"Western Asia","Israel","Southern District",-,-,"Sapir College"
medfin.in,-,0,"Southern Asia","India","Karnataka",-,-,"Medfin"
allianz.lk,-,0,"Southern Asia","Sri Lanka","Western",-,-,"Allianz Insurance"
gokwik.co,Warm,7,-,-,-,"gokwik.co",-,-
lamar.edu,Hot,16.7,"Southern Asia","India","Karnataka",-,-,"Lamar University"
okayapowerltd.com,-,0,"Southern Asia","India","NCT","okayapowerltd.com",-,"Okaya Power"
technion.ac.il,-,0,"Western Asia","Israel","Haifa",-,-,"Technion"
binaryglobal.com,-,0,"Southern Asia","India","NCT",-,-,"Binary Global Limited"
iiuc.ac.bd,-,0,"Southern Asia","Bangladesh","Chittagong",-,-,"International Islamic University Chittagong"
thegatewaydigital.com,-,0,"Southern Asia","India","Gujarat","thegatewaydigital.com",-,"Gateway TechnoLabs"
mayfairhousing.com,-,0,"Southern Asia","India","Maharashtra",-,-,"MAYFAIR HOUSING"
genpact.com,Ice,1,"Southern Asia","India","Haryana","genpact.com",-,"Genpact, Ltd"
fortinet.com,Warm,8,"Southern Asia","India","Karnataka","fortinet.com",-,"Fortinet, Inc."
wsp.com,-,0,"Southern Asia","India","Uttar Pradesh",-,-,"WSP Global Inc."
svnit.ac.in,-,0,"Southern Asia","India","Gujarat","eced.svnit.ac.in",-,"SVNIT"
audioplus-india.com,-,0,"Southern Asia","India","Maharashtra",-,-,"AUDIO PLUS"
broadcom.com,-,0,"Southern Asia","India","Karnataka",-,-,"Broadcom, Inc."
unc.edu.ar,-,0,"South America","Argentina","Cordoba",-,-,"Universidad Nacional De Córdoba"
clausion.com,-,0,"Southern Asia","India","Chandigarh",-,-,"Clausion Oy"
brainstation-23.com,Hot,18,"Southern Asia","Bangladesh","Dhaka","brainstation-23.com",-,"Brain Station 23"
digidir.com,-,0,"Southern Asia","India","Uttar Pradesh",-,-,"DigiDir"
redhat.com,Warm,12,"Northern America","United States","North Carolina","redhat.com",-,"Red Hat"
frontier.com,Cool,5,"Northern America","United States","Connecticut",-,-,"Frontier Communications Company"
balderton.com,-,0,"Northern America","United States","California",-,-,"Balderton Capital"
andwalsh.com,-,0,"Northern America","United States","New York",-,-,"&Walsh"
upsidc.com,-,0,"Southern Asia","India","Uttar Pradesh",-,-,"UPSIDC"
np.edu.sg,-,0,"South Eastern Asia","Singapore","Central Singapore",-,-,"Ngee Ann Polytechnic"
prooftoproduct.com,Cool,2,"Northern America","United States","California",-,-,"Tradeshow Bootcamp"
risevest.com,-,0,"Western Africa","Nigeria","Lagos",-,-,"Risevest"
acondc.com,-,0,"Northern America","United States","Washington, D.C.",-,-,"Acon Investments, L.L.C."
shookkelley.com,-,0,"Northern America","United States","North Carolina",-,-,"Shook Kelley"
kasanova.com,-,0,"Southern Europe","Italy","Lombardy",-,-,"Kasanova"
cunoc.edu.gt,-,0,"Central America","Guatemala","Quetzaltenango",-,-,"Centro Universitario De Occidente"
sapns2.com,Warm,8,"Northern America","United States","Virginia",-,-,"SAP NS2"
outmarch.io,-,0,"Southern Asia","India","Maharashtra",-,-,"Outmarch"
skoruz.com,-,0,"Northern America","United States","California",-,-,"Skoruz Technologies"
videojet.com,Cool,5,"Northern America","United States","Illinois","videojet.com",-,"Videojet Technologies"
codedistrict.com,-,0,"Southern Asia","Pakistan","Punjab",-,-,"Code District"
wipro.com,Hot,46,"Southern Asia","India","Karnataka","wipro.com",-,"Wipro Ltd"
lead411.com,Warm,12,"Northern America","United States","Colorado",-,-,"Lead411"
cbs.com,-,0,"Northern America","United States","New York","cbs.com",-,"CBS Corporation"
em360tech.com,-,0,"Northern Europe","United Kingdom","England",-,-,"EM360"
optimizerx.com,-,0,"Southern Asia","India","Madhya Pradesh",-,-,"OptimizeRx"
asrcfederal.com,-,0,"Northern America","United States","Maryland",-,-,"ASRC Federal"
umich.edu,Warm,6,"Northern America","United States","Michigan","umich.edu",-,"University Of Michigan"
iitb.ac.in,-,0,"Southern Asia","India","Maharashtra","iitb.ac.in",-,"IIT Bombay"
mvjce.edu.in,-,0,"Southern Asia","India","Karnataka",-,-,"MVJ College Of Engineering"
soti.net,-,0,"Southern Asia","India","Haryana",-,-,"SOTI"
unilever.com,Hot,36.7,"Southern Asia","India","Karnataka",-,-,"Unilever Group"
miraclesoft.com,Ice,1,"Southern Asia","India","Andhra Pradesh","miraclesoft.com",-,"Miracle Software Systems"
midconproducts.com,-,0,"Northern America","United States","Wisconsin",-,-,"MID CON PRODUCTS INC"
axalta.com,-,0,"Northern America","United States","Pennsylvania",-,-,"Axalta Coating Systems"
itcinfotech.com,-,0,"Southern Asia","India","Karnataka",-,-,"ITC"
kuleuven.be,-,0,"Western Europe","Belgium","Flanders",-,-,"KU Leuven"
i-com-agency.ru,-,0,"Eastern Europe","Russia","Moscow",-,-,"I Com"
prodia.co.id,-,0,"South Eastern Asia","Indonesia","Jakarta",-,-,"PT Prodia Widyahusada Tbk"
globalization-partners.com,-,0,"Southern Asia","India","Madhya Pradesh",-,-,"Globalization Partners"
rashi.org.il,-,0,"Western Asia","Israel","Central District",-,-,"Rashi Foundation"
bbumgames.com,-,0,"Western Asia","Israel","Central District",-,-,"Beach Bum"
onit.com,-,0,"Southern Asia","India","Maharashtra","onit.com",-,"Onit"
coex.cz,-,0,"Eastern Europe","Czech Republic","Praha",-,-,"COEX"
utcb.ro,-,0,"Eastern Europe","Romania","Bucuresti",-,-,"UTCB"
srh.de,-,0,"Western Europe","Germany","Baden-Wuerttemberg",-,-,"SRH Holding"
nrep.com,-,0,"Northern Europe","Denmark","Capital Region",-,-,"NREP"
dematech.in,-,0,"Southern Asia","India","Kerala",-,-,"DeMa Tech"
mux.com,Ice,1,"Northern America","United States","California","mux.com",-,"Mux"
kmvgroup.com,-,0,"Southern Asia","India","Telangana",-,-,"K M V Projects Ltd."
sagepub.in,-,0,"Southern Asia","India","NCT",-,-,"SAGE Publications"
kamaldhari.com,-,0,"Southern Asia","India","Gujarat",-,-,"KamalDhari Infotech"
preply.com,-,0,"Southern Europe","Spain","Catalonia",-,-,"Preply"
iitm.ac.in,Warm,8,"Southern Asia","India","Tamil Nadu","alumni.iitm.ac.in",-,"Indian Institute Of Technology Madras"
webdvi.com,-,0,"Central America","Panama","Panama",-,-,"Web Devices Inc."
ipn.mx,-,0,"Central America","Mexico","Mexico City",-,-,"Instituto Politécnico Nacional"
bmsca.org,-,0,"Southern Asia","India","Karnataka","bmsca.org",-,"BMS College Of Architecture"
clarku.edu,-,0,"Northern America","United States","Massachusetts",-,-,"Clark University"
moonraft.com,-,0,"Southern Asia","India","Karnataka","moonraft.com",-,"Moonraft Innovation Labs"
i3intl.com,Warm,7,"Northern America","United States","New Jersey",-,-,"Integration International Inc"
home.kpmg,Hot,38.9,"Northern America","United States","New York","home.kpmg",-,"KPMG"
infosys.com,Hot,16,"Southern Asia","India","Karnataka","infosys.com",-,"Infosys"
b-able.in,-,0,"Southern Asia","India","NCT","b-able.in",-,"B-ABLE"
letterdrop.com,-,0,"Northern America","United States","California","letterdrop.com",-,"Letterdrop"
kimley-horn.com,-,0,"Northern America","United States","North Carolina",-,-,"Kimley - Horn"
sunlife.com,-,0,"South Eastern Asia","Philippines","Metro Manila",-,-,"Sun Life Financial"
triggerfish.com.au,-,0,"Australia and New Zealand","Australia","Queensland",-,-,"Triggerfish"
tiplaystudio.com,-,0,"Western Asia","Turkey","Denizli",-,-,"Tiplay Studio"
digitaldirect.marketing,-,0,"Northern America","United States","California",-,-,"Digitaldirect.Marketing"
benztravel.co.uk,-,0,"Northern Europe","United Kingdom","England",-,-,"BENZ TRAVEL LIMITED"
nisonco.com,Hot,24,"Northern America","United States","New Jersey","nisonco.com",-,"NisonCo"
sureco.com,Warm,6,"Northern America","United States","California","sureco.com",-,"SureCo"
tricongeophysics.com,-,0,"Northern America","United States","Colorado",-,-,"Tricon Geophysics"
kajeet.net,-,0,"Northern America","United States","Virginia",-,-,"Kajeet"
flukecal.com,-,0,"Northern America","United States","Washington",-,-,"Fluke Calibration"
blaney.com,-,0,"Northern America","Canada","Ontario",-,-,"Blaney McMurtry LLP"
ava.com,-,0,"Southern Asia","India","Tamil Nadu",-,-,"Ava"
bloomfire.com,-,0,"Northern America","United States","Texas","bloomfire.com",-,"Bloomfire"
lpu.in,Cool,5,"Southern Asia","India","Punjab",-,-,"Lovely Professional University"
infeedo.com,-,0,"Southern Asia","India","Haryana","infeedo.com",-,"Infeedo"
p-technocyber.com,Ice,0.7,-,-,-,-,-,-
freelancer.com,Ice,1.5,-,-,-,-,-,-
goldenflitch.com,Ice,0.3,-,-,-,-,-,-
casepoint.com,Ice,1.5,"Northern America","United States","Virginia",-,-,"Casepoint"
thepianosa.com,-,0,-,-,-,-,-,-
konverge.co.in,Ice,1,"Southern Asia","India","Maharashtra","konverge.co.in",-,"Konverge Technologies Pvt Ltd"
pathlock.com,Ice,1.5,"Southern Asia","India","Maharashtra","pathlock.com",-,"Pathlock"
facebook.com,Hot,207.3,"Northern America","United States","California","facebook.com",-,"Facebook, Inc."
ivaluegroup.com,Ice,1.5,-,-,-,-,-,-
eucloid.com,-,0,"Southern Asia","India","Haryana",-,-,"Eucloid Data Solutions"
disprz.ai,Ice,1.5,-,-,-,-,-,-
career-edge.in,Ice,1.1,-,-,-,-,-,-
raga.ai,-,0,-,-,-,-,-,-
myadrenalin.com,Cool,4.5,"Southern Asia","India","Tamil Nadu","myadrenalin.com",-,"Adrenalin Esystems"
makkpress.com,Ice,1.1,-,-,-,"makkpress.com",-,-
polestarllp.com,Ice,1.5,-,-,-,"polestarllp.com",-,-
technorucs.com,Ice,0.8,"Southern Asia","India","Tamil Nadu","technorucs.com",-,"TechnoRUCS"
inflowtechnologies.com,Ice,1.5,"Southern Asia","India","Karnataka","inflowtechnologies.com",-,"Inflow Technologies"
veltris.com,Ice,1.5,-,-,-,-,-,-
technopak.com,-,0,"Southern Asia","India","Haryana","technopak.com",-,"Technopak Advisors"
barneys.co.in,Ice,0.3,-,-,-,-,-,-
vercel.app,-,0,-,-,-,-,-,-
packtpub.com,-,0,-,-,-,-,-,-
werize.com,Ice,1.5,"Southern Asia","India","Karnataka","werize.com",-,"WeRize"
anscommerce.com,Ice,1.5,"Southern Asia","India","Haryana","anscommerce.com",-,"ANS Commerce"
citymall.live,Ice,1.5,-,-,-,-,-,-
growthxindia.com,-,0,-,-,-,-,-,-
upwork.com,Cool,4.5,"South America","Brazil","Sao Paulo","upwork.com",-,"Upwork"
rudderstack.com,Ice,1,"Northern America","United States","California","rudderstack.com",-,"RudderStack"
efficientip.com,-,0,-,-,-,"efficientip.com",-,-
lambdatest.com,Hot,16.5,"Southern Asia","India","Uttar Pradesh","lambdatest.com",-,"LambdaTest"
kodnest.com,Ice,1,-,-,-,-,-,-
kratikal.com,Ice,1,-,-,-,-,-,-
ebizondigital.com,Ice,1.5,-,-,-,"ebizondigital.com",-,-
resdiary.com,-,0,-,-,-,"resdiary.com",-,-
bit.ly,Warm,10.4,-,-,-,-,-,-
quinteft.com,Ice,1.5,-,-,-,-,-,-
westagilelabs.com,Ice,0.8,-,-,-,-,-,-
sunarctechnologies.com,-,0,-,-,-,"sunarctechnologies.com",-,-
textmercato.com,Ice,0.3,-,-,-,-,-,-
technicalhub.io,-,0,"Southern Asia","India","Andhra Pradesh",-,-,"Technical Hub"
antino.com,Ice,1,-,-,-,-,-,-
unicommerce.com,Ice,1.5,-,-,-,"unicommerce.com",-,-
narvar.com,Hot,16.7,"Southern Asia","India","Karnataka","narvar.com",-,"Narvar"
kissflow.com,Ice,1.9,-,-,-,"kissflow.com",-,-
seodiscovery.com,Ice,1.5,-,-,-,-,-,-
topmate.click,-,0,-,-,-,-,-,-
frontier.in,-,0,"Southern Asia","India","Karnataka","frontier.in",-,"Frontier Business Systems"
heroibil.com,Ice,0.6,-,-,-,-,-,-
infopine.com,Ice,0.5,-,-,-,-,-,-
xerago.com,Warm,10.1,"Southern Asia","India","Tamil Nadu","xerago.com",-,"Xerago"
guestbloggingtechnology.com,-,0,-,-,-,-,-,-
splashbi.com,-,0,-,-,-,"splashbi.com",-,-
cloudcasa.io,-,0,-,-,-,-,-,-
5day.io,Ice,0.4,-,-,-,-,-,-
srccybersolutions.com,-,0,-,-,-,-,-,-
colorwhistle.com,Ice,1.5,"Southern Asia","India","Tamil Nadu","colorwhistle.com",-,"ColorWhistle"
fiverr.com,Ice,1.5,"Southern Asia","Bangladesh","Dhaka","fiverr.com",-,"Fiverr"
etmedialabs.com,Ice,1.2,"Southern Asia","India","NCT","etmedialabs.com",-,"ET Medialabs"
utoronto.ca,Cool,5.8,"Northern America","Canada","Ontario",-,-,"University Of Toronto"
git.edu,-,0,"Southern Asia","India","Karnataka","students.git.edu",-,"KLS Gogte Institute Of Technology"
seattlecolleges.edu,Hot,15,"Northern America","United States","Washington",-,-,"Seattle Central College"
statestreet.com,Warm,14,"Southern Asia","India","Karnataka",-,-,"State Street Corporation"
ostrategies.ca,-,0,"Northern America","Canada","New Brunswick",-,-,"O Strategies"
ezbob.com,-,0,"Northern Europe","United Kingdom","England",-,-,"Ezbob"
healthx.com.bd,-,0,"Southern Asia","Bangladesh","Dhaka",-,-,"HEALTHx BD"
visusllc.com,-,0,"Northern America","United States","California",-,-,"Visus LLC"
epsilon.com,-,0,"Southern Asia","India","Karnataka","epsilon.com",-,"Epsilon"
atomicdesign.tv,-,0,"Northern America","United States","Pennsylvania",-,-,"Atomic Design"
kaluza.com,-,0,"Northern Europe","United Kingdom","England",-,-,"Kaluza"
catchmedia.com,-,0,"Southern Asia","India","Maharashtra",-,-,"Catch Media"
semi-stow.com,-,0,"Northern America","United States","Texas",-,-,"Semi - Stow"
ganko.it,-,0,"Southern Europe","Italy","Lombardy",-,-,"GANKO Office For Architecture"
bvrit.ac.in,Cool,4,"Southern Asia","India","Telangana","bvrit.ac.in",-,"BV Raju Institute Of Technology"
evolenthealth.com,-,0,"Western Europe","France","Nouvelle-Aquitaine",-,-,"Evolent Health"
addu.edu.ph,-,0,"South Eastern Asia","Philippines","Davao",-,-,"Ateneo De Davao University"
tufts.edu,-,0,"Northern America","United States","Massachusetts",-,-,"Tufts University"
ust.com,Cool,5,"Southern Asia","India","Kerala","ust.com",-,"UST Global"
elofhansson.com,-,0,"Northern Europe","Sweden","Vaestra Goetaland",-,-,"Elof Hansson"
mjfiresafety.co.uk,-,0,"Northern Europe","United Kingdom","England",-,-,"MJ FIRE SAFETY LTD"
kips.in,-,0,"Southern Asia","India","Uttar Pradesh",-,-,"KIPS"
wavicledata.com,-,0,"Southern Asia","India","Tamil Nadu","wavicledata.com",-,"Wavicle Data Solutions"
temenos.com,-,0,"Southern Asia","India","Tamil Nadu",-,-,"Temenos"
myinfoinc.com,-,0,"Southern Asia","India","West Bengal",-,-,"Myinfoinc"
shadowfax.in,-,0,"Southern Asia","India","Karnataka","shadowfax.in",-,"Shadowfax"
traffickitchen.io,-,0,"Eastern Europe","Ukraine",-,-,-,"Traffic Kitchen"
theonpharma.com,-,0,"Southern Asia","India","Haryana",-,-,"THEON PHARMACEUTICALS"
invictussolutions.co,-,0,"Southern Asia","Pakistan","Punjab",-,-,"Invictus Solutions"
squirrelsoftech.com,-,0,"Southern Asia","India","Gujarat",-,-,"Squirrel Softech Services Pvt Ltd"
jcbl.com,-,0,"Southern Asia","India","Punjab",-,-,"J C B L Ltd"
alixpartners.com,-,0,"Southern Asia","India","Maharashtra",-,-,"AlixPartners"
cgu-odisha.ac.in,-,0,"Southern Asia","India","Odisha",-,-,"C.V. Raman Global University"
carecentra.com,-,0,"Southern Asia","India","Tamil Nadu",-,-,"CareCentra"
onelittleweb.com,Warm,7,"Southern Asia","Bangladesh","Dhaka",-,-,"OneLittleWeb"
yankees.com,-,0,"Northern America","United States","New York",-,-,"New York Yankees"
funnelstory.ai,-,0,"Northern America","United States","California","funnelstory.ai",-,"FunnelStory"
bankofindia.com,-,0,"Southern Asia","India","Maharashtra",-,-,"Bank of India Ltd"
bellighting.net,-,0,"Southern Asia","India","Maharashtra",-,-,"Bel Lighting - India"
brandessenceresearch.biz,-,0,-,-,-,"brandessenceresearch.biz",-,-
brandessenceresearch.com,-,0,-,-,-,"brandessenceresearch.com",-,-
iiitb.ac.in,-,0,"Southern Asia","India","Karnataka","iiitb.ac.in",-,"International Institute Of Information Technology Bangalore"
psomas.com,-,0,"Northern America","United States","California",-,-,"Psomas"
pharandespaces.com,-,0,"Southern Asia","India","Maharashtra",-,-,"Pharande Spaces"
forthcode.com,-,0,"Southern Asia","India","Karnataka",-,-,"Forthcode Technologies"
synotive.com,-,0,"Southern Asia","India","Gujarat",-,-,"Synotive"
snsin.com,-,0,"Southern Asia","India","Tamil Nadu",-,-,"Secure Network Solutions India Pvt Ltd"
vguard.in,-,0,"Southern Asia","India","Kerala","vguard.in",-,"V-GUARD INDUSTRIES"
vit.edu,Ice,1,"Southern Asia","India","Maharashtra",-,-,"Vishwakarma Institute Of Technology"
rapidminer.com,Cool,4,"Northern Europe","United Kingdom","England","rapidminer.com",-,"RapidMiner"
lucidoutsourcing.com,-,0,"Southern Asia","India","Rajasthan",-,-,"Lucid Outsourcing Solutions Pvt. Ltd."
doubekmedical.com,-,0,"Northern America","United States","Illinois",-,-,"DOUBEK MEDICAL SUPPLY"
yesbank.in,-,0,"Southern Asia","India","Maharashtra","yesbank.in",-,"Yes Bank Ltd"
freightify.com,-,0,"Southern Asia","India","Tamil Nadu","freightify.com",-,"Freightify"
cedarindia.com,-,0,"Southern Asia","India","Gujarat",-,-,"Cedar Decor Pvt Ltd"
91ninjas.com,Ice,0.3,"South Eastern Asia","Singapore","Central Singapore","91ninjas.com",-,"91Ninjas"
infrascale.com,Ice,0.5,"Southern Asia","India","Tamil Nadu","infrascale.com",-,"Infrascale"
auburn.edu,-,0,"Northern America","United States","Alabama",-,-,"Auburn University"
reckitt.com,Hot,19.3,"Northern Africa","Egypt","Cairo",-,-,"Reckitt Benckiser"
berkeley.edu,-,0,"Northern America","United States","California","berkeley.edu",-,"University Of California, Berkeley"
gateway-ti.com,-,0,"Northern America","United States","Washington",-,-,"Gateway Construction Services"
quinnemanuel.com,-,0,"Northern America","United States","California",-,-,"Quinn Emanuel Urquhart & Sullivan, LLP"
futminna.edu.ng,Ice,1,"Western Africa","Nigeria","Niger",-,-,"Federal University Of Technology Minna"
digitalcommerce360.com,-,0,"Northern America","United States","Illinois",-,-,"Digital Commerce 360"
archdpdx.org,-,0,"Northern America","United States","Oregon",-,-,"Archdiocese Of Portland"
cribl.io,-,0,"Northern America","United States","California","cribl.io",-,"Cribl"
nttpc.co.jp,-,0,"Eastern Asia","Japan","Tokyo",-,-,"NTT PC Communications Incorporated"
ncsu.edu,-,0,"Northern America","United States","North Carolina",-,-,"North Carolina State University"
useparagon.com,Cool,2,"Northern America","United States","California","useparagon.com",-,"Paragon"
bitofswiss.com,-,0,"Northern America","United States","Michigan",-,-,"BIT OF SWISS PASTRY SHOPPE"
avasotech.com,Cool,5,"Southern Asia","India","Punjab",-,-,"AVASO Technology Solutions"
moen.com,-,0,"Northern America","United States","Ohio",-,-,"Moen"
cloudeagle.ai,Cool,5,"Northern America","United States","California","cloudeagle.ai",-,"CloudEagle"
rowan.edu,Hot,22.2,"Northern America","United States","New Jersey",-,-,"Rowan University"
rwr.com,-,0,"Northern America","United States","Texas",-,-,"Richard, Wayne & Roberts"
efrag.org,-,0,"Western Europe","Belgium","Brussels Capital",-,-,"EFRAG"
rapidsoftsystems.com,Warm,13,"Northern America","United States","New Jersey","rapidsoftsystems.com",-,"Rapidsoft Systems, Inc."
mailchimp.com,-,0,"Northern America","United States","Georgia","mailchimp.com",-,"Mailchimp"
practicegenius.com,-,0,"Northern America","United States","California",-,-,"PracticeGenius"
heyglide.com,Hot,15,-,-,-,"heyglide.com",-,-
bainbridge.com,Cool,5,"Northern America","United States","California","bainbridge.com",-,"Bainbridge"
globant.com,Hot,52,"South America","Brazil","Sao Paulo","globant.com",-,"Globant"
ampliz.com,-,0,-,-,-,"ampliz.com",-,-
quantum.com,-,0,"Northern America","United States","California",-,-,"Quantum"
hm.com,-,0,"Southern Asia","India","Tamil Nadu","hm.com",-,"H&M Hennes & Mauritz AB"
ministryoftesting.com,-,0,"Northern America","United States","Pennsylvania",-,-,"Ministry Of Testing"
niter.edu.bd,-,0,"Southern Asia","Bangladesh","Dhaka",-,-,"National Institute Of Textile Engineering & Research"
mycornerstonetx.com,-,0,"Northern America","United States","Texas",-,-,"Cornerstone Residential"
russelmetals.com,-,0,"Northern America","Canada","Ontario",-,-,"Color Steels Inc."
razor.co.uk,-,0,"Northern Europe","United Kingdom","England",-,-,"Razor"
ifdsgroup.com,-,0,"Northern America","Canada","Ontario",-,-,"International Financial Data Services"
venasolutions.com,-,0,"Northern America","Canada","Ontario","venasolutions.com",-,"Vena Solutions"
eigoconstrucciones.com,Warm,8,"Southern Europe","Spain","Aragon",-,-,"EIGO GESTION DE OBRAS S.L."
applydigital.com,-,0,"Northern America","Canada","British Columbia",-,-,"Apply Digital"
elemar.com,-,0,"Northern America","United States","Florida",-,-,"Elemar International Forwarding"
itmvu.in,-,0,"Southern Asia","India","Gujarat",-,-,"ITM - Vocational University"
brownliving.in,-,0,"Southern Asia","India","Maharashtra",-,-,"Brown Living"
amazon.com,Cool,5,"Northern America","United States","Washington","amazon.com",-,"Amazon"
agen-c.com,-,0,-,-,-,"agen-c.com",-,-
goldfinchcloudsolutions.com,-,0,-,-,-,"goldfinchcloudsolutions.com",-,-
r3.com,-,0,-,-,-,"r3.com",-,-
thoughtsol.in,Ice,1.5,-,-,-,-,-,-
accertify.com,Ice,0.1,-,-,-,"accertify.com",-,-
americanexpress.com,Ice,1,"Southern Asia","India","Haryana",-,-,"American Express Company"
substack.com,-,0,-,-,-,-,-,-
lrsservices.in,Ice,0.6,"Southern Asia","India","Uttar Pradesh",-,-,"LRS Services Pvt Ltd"
zeotap.com,-,0,-,-,-,"zeotap.com",-,-
quadrasystems.net,Ice,1.5,-,-,-,"quadrasystems.net",-,-
bik.ai,Warm,13.2,"Southern Asia","India","Karnataka",-,-,"BIK"
attryb.com,-,0,-,-,-,-,-,-
multiversetech.com,Ice,0.3,-,-,-,-,-,-
validusfintech.com,Ice,0.5,"Southern Asia","India","Telangana",-,-,"Validus Fintech Services Pvt Ltd"
noblq.com,-,0,-,-,-,-,-,-
akandpartners.in,-,0,-,-,-,-,-,-
revly.io,Ice,1.2,-,-,-,"revly.io",-,-
mettasocial.com,Cool,2.4,"Southern Asia","India","Maharashtra",-,-,"Metta Social"
invia.com.au,-,0,-,-,-,-,-,-
infynix.in,Ice,0.3,"Southern Asia","India","Karnataka",-,-,"INFYNIX DATA SERVICES Pvt Ltd"
broadsign.com,-,0,-,-,-,"broadsign.com",-,-
prosperr.io,-,0,-,-,-,-,-,-
visiblealpha.com,Ice,0.4,-,-,-,"visiblealpha.com",-,-
motadata.com,Ice,1.5,-,-,-,"motadata.com",-,-
xenioushotels.com,-,0,-,-,-,-,-,-
technobind.com,Ice,1.5,-,-,-,-,-,-
sniperindia.com,Ice,0.8,"Southern Asia","India","Tamil Nadu","sniperindia.com",-,"Sniper Systems & Solutions Pvt Ltd"
pipebagger.com,Cool,4.3,-,-,-,"pipebagger.com",-,-
dgliger.com,Ice,0.1,-,-,-,-,-,-
eximfiles.io,Ice,0.3,-,-,-,-,-,-
sundarambusinessservices.com,Ice,0.5,-,-,-,-,-,-
bitlasoft.com,Ice,1.5,-,-,-,"bitlasoft.com",-,-
konnectinsights.com,Ice,0.3,"Southern Asia","India","Maharashtra","konnectinsights.com",-,"Konnect Insights"
videosdk.live,Ice,0.3,-,-,-,"videosdk.live",-,-
tazapay.com,Cool,3.5,-,-,-,"tazapay.com",-,-
nluo.ac.in,-,0,-,-,-,-,-,-
maxisclinical.com,-,0,-,-,-,-,-,-
mgtechsoft.com,Ice,0.2,-,-,-,-,-,-
walkingtree.tech,Ice,1.1,"Southern Asia","India","Telangana",-,-,"WalkingTree Technologies"
amulyam.co.in,-,0,-,-,-,-,-,-
rishabhsoft.com,-,0,"Southern Asia","India","Gujarat","rishabhsoft.com",-,"Rishabh Software"
ezops.com,Ice,0.5,"Southern Asia","India","Uttar Pradesh",-,-,"EZOPS"
seclore.com,Ice,1.2,"Southern Asia","India","Maharashtra","seclore.com",-,"Seclore"
payatu.com,Ice,0.1,-,-,-,-,-,-
netwebindia.com,Warm,8.5,"Southern Asia","India","NCT","netwebindia.com",-,"Netweb Technologies"
kainskep.com,Ice,0.2,-,-,-,-,-,-
hashtechy.com,Ice,1,-,-,-,-,-,-
skillculture.in,-,0,-,-,-,-,-,-
alchemycapital.com,-,0,-,-,-,-,-,-
joinpavilion.com,Ice,1.7,-,-,-,-,-,-
jobsify.org,-,0,-,-,-,-,-,-
bizople.com,-,0,-,-,-,-,-,-
citrincooperman.com,-,0,-,-,-,-,-,-
mirrorreview.com,-,0,-,-,-,-,-,-
benepik.com,Ice,1,"Southern Asia","India","Haryana","benepik.com",-,"Benepik"
piemr.edu.in,Hot,18,"Southern Asia","India","Madhya Pradesh",-,-,"Prestige Institute Of Engineering Management & Research"
smartpipe.cloud,-,0,-,-,-,-,-,-
peninsularresearchops.com,Ice,0.1,-,-,-,-,-,-
maepune.com,-,0,-,-,-,-,-,-
lek.com,-,0,-,-,-,-,-,-
myrealdata.in,Ice,0.3,-,-,-,"myrealdata.in",-,-
icoderzsolutions.com,Ice,0.3,-,-,-,-,-,-
eduvanz.com,Ice,0.8,"Southern Asia","India","Maharashtra",-,-,"Eduvanz"
thoughtflow.io,-,0,-,-,-,"thoughtflow.io",-,-
srmist.edu.in,Warm,8,"Southern Asia","India","Tamil Nadu","srmist.edu.in",-,"SRM Institute Of Science & Technology"
concentrix.com,-,0,"Southern Asia","India","Haryana","concentrix.com",-,"Concentrix Corporation"
duncan-parnell.com,-,0,"Northern America","United States","North Carolina",-,-,"Duncan - Parnell"
acko.tech,-,0,"Southern Asia","India","Karnataka",-,-,"Acko"
stutzcompany.com,-,0,"Northern America","United States","Illinois",-,-,"STUTZ CO"
customer.io,Ice,0.5,"Northern America","United States","Oregon","customer.io",-,"Customer.io"
donnellyind.com,-,0,"Northern America","United States","New Jersey",-,-,"Donnelly Industries Inc"
spatial.ai,-,0,"Northern America","United States","Ohio",-,-,"Spatial.ai"
scconline.com,-,0,"Southern Asia","India","NCT","scconline.com",-,"SCC Online"
genymedium.com,-,0,"Southern Asia","India","Telangana","genymedium.com",-,"GenY Medium"
b1-systems.de,-,0,"Western Europe","Germany","Bavaria",-,-,"B1 Systems GmbH"
bbs-solutions.dz,-,0,"Northern Africa","Algeria","Algiers",-,-,"BBS Solutions"
mccormickplace.com,-,0,"Northern America","United States","Illinois",-,-,"McCormick Place"
bmdigital.io,Ice,1,"Northern America","United States","New York",-,-,"BM Digital"
rocketlane.com,-,0,"Southern Asia","India","Tamil Nadu","rocketlane.com",-,"Rocketlane"
blr.com,-,0,"Northern America","United States","Tennessee",-,-,"BLR"
slasoft.co.uk,-,0,"Northern Europe","United Kingdom","England",-,-,"Slalom Software"
protivitiglobal.in,-,0,"Southern Asia","India","Maharashtra","protivitiglobal.in",-,"Protiviti"
kyndryl.com,Hot,23,"Southern Asia","India","Karnataka","kyndryl.com",-,"Kyndryl"
get-there.co.uk,Warm,13,"Northern Europe","United Kingdom","England",-,-,"Get There Group"
nirmauni.ac.in,Cool,5.3,"Southern Asia","India","Gujarat","nirmauni.ac.in",-,"Nirma University"
consolidated.com,-,0,"Northern America","United States","Illinois",-,-,"Consolidated Communications Holdings, Inc."
pde.co.uk,-,0,"Northern Europe","United Kingdom","Northern Ireland",-,-,"Project Design Engineers Ltd"
aseall.com,-,0,-,-,-,"aseall.com",-,-
bilemon.com,-,0,-,-,-,"bilemon.com",-,-
empowermentbyjen.com,-,0,-,-,-,"empowermentbyjen.com",-,-
hurix.com,-,0,-,-,-,"hurix.com",-,-
lumenore.com,-,0,-,-,-,"lumenore.com",-,-
rru.ac.in,-,0,-,-,-,"student.rru.ac.in",-,-
docxster.com,-,0,-,-,-,"docxster.com",-,-
appsky.io,-,0,-,-,-,"appsky.io",-,-
casaelementomx.com,-,0,-,-,-,"casaelementomx.com",-,-
easysapers.com,-,0,-,-,-,"easysapers.com",-,-
gcrjy.ac.in,-,0,-,-,-,"gcrjy.ac.in",-,-
wyspur.com,-,0,-,-,-,"wyspur.com",-,-
actvere.com,-,0,-,-,-,"actvere.com",-,-
godspeed.systems,-,0,-,-,-,"godspeed.systems",-,-
massdriver.cloud,-,0,-,-,-,"massdriver.cloud",-,-
3sllp.co.in,-,0,-,-,-,"3sllp.co.in",-,-
grupomajestic.com.br,-,0,-,-,-,"grupomajestic.com.br",-,-
ezofis.com,Hot,16,"Northern America","Canada","Ontario","ezofis.com",-,"EZOFIS"
canva.com,Cool,4,"Northern America","United States","California","canva.com",-,"Canva"
notedns.com,-,0,-,-,-,"notedns.com",-,-
pathora.in,-,0,-,-,-,"pathora.in",-,-
opispublicidade.com,-,0,-,-,-,"opispublicidade.com",-,-
freshworks.com,Hot,27,"Southern Asia","India","Tamil Nadu","freshworks.com",-,"Freshworks"
dijy.com,-,0,"Northern America","United States","New Jersey","dijy.com",-,"Dijy"
growton.co,-,0,-,-,-,"growton.co",-,-
tdi.us.org,-,0,-,-,-,"tdi.us.org",-,-
cognisaas.com,-,0,-,-,-,"cognisaas.com",-,-
growtomation.in,Ice,1.2,-,-,-,"growtomation.in",-,-
chatwoot.com,Warm,7,"Northern America","United States","Delaware","chatwoot.com",-,"Chatwoot"
getmola.com,-,0,-,-,-,"getmola.com",-,-
gumlet.com,-,0,-,-,-,"gumlet.com",-,-
akrity.com,-,0,-,-,-,"akrity.com",-,-
dlvr-us.com,-,0,-,-,-,"dlvr-us.com",-,-
kevit.io,-,0,-,-,-,"kevit.io",-,-
nvsvisuals.co,-,0,-,-,-,"nvsvisuals.co",-,-
ofbusiness.in,-,0,-,-,-,"ofbusiness.in",-,-
generatebusinessinc.com,-,0,-,-,-,"generatebusinessinc.com",-,-
greenlights.vc,-,0,-,-,-,"greenlights.vc",-,-
dragonflydb.io,-,0,-,-,-,"dragonflydb.io",-,-
idcubesystems.com,Warm,6,-,-,-,"idcubesystems.com",-,-
nyl.technology,-,0,-,-,-,"nyl.technology",-,-
intellizence.com,-,0,-,-,-,"intellizence.com",-,-
moriondocoffee.com,-,0,-,-,-,"moriondocoffee.com",-,-
hubilo.com,-,0,"Southern Asia","India","Gujarat","hubilo.com",-,"Hubilo"
5x.co,-,0,-,-,-,"5x.co",-,-
wotnot.io,-,0,-,-,-,"wotnot.io",-,-
spryspruce.com,-,0,-,-,-,"spryspruce.com",-,-
m2mconnectivity.com.au,-,0,-,-,-,"m2mconnectivity.com.au",-,-
plumhq.com,Ice,1,"Southern Asia","India","Karnataka","plumhq.com",-,"Plum"
paralleldots.com,-,0,-,-,-,"paralleldots.com",-,-
golimelight.com,-,0,"Northern America","Canada","Ontario","golimelight.com",-,"Limelight Software"
loopio.com,-,0,-,-,-,"loopio.com",-,-
11.vc,-,0,-,-,-,"11.vc",-,-
work.com,-,0,-,-,-,"work.com",-,-
imransayyad.com,-,0,-,-,-,"imransayyad.com",-,-
simplerain.com,-,0,-,-,-,"simplerain.com",-,-
mavlers.com,-,0,-,-,-,"mavlers.com",-,-
ericpapp.com,-,0,-,-,-,"ericpapp.com",-,-
agera.no,-,0,-,-,-,"agera.no",-,-
anybiz.io,-,0,-,-,-,"anybiz.io",-,-
adhok.ai,-,0,-,-,-,"adhok.ai",-,-
leandata.com,-,0,"Southern Asia","India","Rajasthan","leandata.com",-,"LeanData"
workpr.co.uk,-,0,-,-,-,"workpr.co.uk",-,-
unineurodiagnosticos.com.br,-,0,-,-,-,"unineurodiagnosticos.com.br",-,-
medicodio.com,-,0,-,-,-,"medicodio.com",-,-
upscaleoperations.com,-,0,-,-,-,"upscaleoperations.com",-,-
precoro.com,-,0,-,-,-,"precoro.com",-,-
colegiosolucao.com.br,-,0,-,-,-,"colegiosolucao.com.br",-,-
u-are.co,-,0,-,-,-,"u-are.co",-,-
trusummitsolutions.com,-,0,-,-,-,"trusummitsolutions.com",-,-
frommpackaging.ca,Cool,5,"Northern America","Canada","Ontario","frommpackaging.ca",-,"Fromm Packaging Systems Canada"
rumedical.co.uk,-,0,-,-,-,"rumedical.co.uk",-,-
cookwithcrafted.com,-,0,-,-,-,"cookwithcrafted.com",-,-
randomwalk.ai,-,0,-,-,-,"randomwalk.ai",-,-
getphyllo.com,-,0,-,-,-,"getphyllo.com",-,-
murray-uniforms.co.uk,-,0,-,-,-,"murray-uniforms.co.uk",-,-
atlastalents.com,-,0,-,-,-,"atlastalents.com",-,-
rappi.com,-,0,-,-,-,"rappi.com",-,-
lonescale.com,-,0,"Western Europe","France","Ile-de-France","lonescale.com",-,"LoneScale"
sportsevents365.com,-,0,-,-,-,"sportsevents365.com",-,-
sogage.com,Warm,10,-,-,-,"sogage.com",-,-
moderndrive.de,-,0,-,-,-,"moderndrive.de",-,-
zenithbim.com,-,0,-,-,-,"zenithbim.com",-,-
swishclub.in,-,0,-,-,-,"swishclub.in",-,-
watchtowr.com,-,0,-,-,-,"watchtowr.com",-,-
spendflo.com,-,0,-,-,-,"spendflo.com",-,-
gob.ec,-,0,-,-,-,"educacion.gob.ec",-,-
cogna.com.br,-,0,-,-,-,"cogna.com.br",-,-
manyme.com,-,0,-,-,-,"manyme.com",-,-
samhub.io,-,0,-,-,-,"samhub.io",-,-
zioniot.com,-,0,-,-,-,"zioniot.com",-,-
infolinktelecom.com,-,0,"South America","Brazil","Ceara","infolinktelecom.com",-,"INFOLINK TELECOM"
alysio.ai,-,0,-,-,-,"alysio.ai",-,-
hoonartek.com,-,0,"Northern Europe","United Kingdom","England","hoonartek.com",-,"Hoonartek"
agenagroup.com,-,0,-,-,-,"agenagroup.com",-,-
prophecy.io,Warm,7,"Northern America","United States","California","prophecy.io",-,"Prophecy"
kofluence.com,-,0,-,-,-,"kofluence.com",-,-
sphereinc.com,-,0,"Northern America","United States","Illinois","sphereinc.com",-,"Sphere Software"
spacetil.com,-,0,-,-,-,"spacetil.com",-,-
qure.ai,-,0,-,-,-,"qure.ai",-,-
af4.com.br,-,0,-,-,-,"af4.com.br",-,-
uncap.com,-,0,-,-,-,"uncap.com",-,-
industrybuying.com,-,0,"Southern Asia","India","NCT","industrybuying.com",-,"Industrybuying"
everestdx.com,-,0,-,-,-,"everestdx.com",-,-
quixy.com,-,0,-,-,-,"quixy.com",-,-
umangglobal.com,-,0,-,-,-,"umangglobal.com",-,-